Date,RSP,QVAL,SYLD,BRK_A,IVAL,GVAL,FYLD,QMOM,GMOM,IMOM
2016-01-04 00:00:00+00:00, -0.0110882684528, -0.00404655815222, -0.0169431447611, -0.00757575757576, -0.00758511952955, -0.0116643454039, -0.0117181477103, -0.0317319113331, -0.0101667344449, -0.0130028763939
2016-01-05 00:00:00+00:00, 0.00183747099612, -0.000913033553983, 0.00425470541574, 0.00193384223919, -0.00970415217485, -0.00305325582761, -0.0050444640907, 0.00569077219401, 0.00310417237287, -0.00319374026907
2016-01-06 00:00:00+00:00, -0.0183008460962, -0.0248572081334, -0.0164799655321, 0.00336499390492, -0.0220699822226, -0.017727781377, -0.0146874346644, -0.0117524157744, -0.00177482479294, -0.0172213544796
2016-01-07 00:00:00+00:00, -0.0223922322683, -0.0101213626353, -0.0178147701968, -0.0112507435109, -0.0182672696639, -0.00623575968342, -0.0170282743621, -0.0228594080338, -0.00355596079325, -0.0114104079221
2016-01-08 00:00:00+00:00, -0.0118013028862, -0.0320946745562, -0.0163538375767, -0.00839647757526, -0.00483244512691, -0.00784361047424, -0.00420939017809, -0.0170836150552, -0.00361440270851, -0.000824436291685
2016-01-11 00:00:00+00:00, -0.00361372651431, -0.0112975008559, 0.00755715095409, -0.00322697232549, 0.00526435216701, -0.00115543663342, -0.00102969867765, -0.00912592864349, 0.00137753696391, -0.00577581583399
2016-01-12 00:00:00+00:00, 0.00488772402068, 0.0180550059359, 0.00693793362085, 0.00414617596022, -0.0080808992822, 0.0100456621005, -0.00130201269462, 0.0175406118388, 0.000412692589875, -0.0082990995477
2016-01-13 00:00:00+00:00, -0.0256591005216, -0.0254117875711, -0.0274115456238, -0.0173115595827, 0.00910249408338, -0.013803496082, -0.00662719322071, -0.0299736195761, -0.00311683549526, -0.0083685509854
2016-01-14 00:00:00+00:00, 0.0139487773115, 0.0140093728188, 0.0085777743739, 0.0111596618364, -0.000451019303626, 0.00745675692195, 0.0117023021819, 0.00609555961926, 0.0, -0.00379762859192
2016-01-15 00:00:00+00:00, -0.019365242458, -0.0210924824229, -0.021451894601, -0.0143517929436, -0.0433173901272, -0.0311229751866, -0.0283768444949, -0.0260521042084, -0.00271276840314, -0.0262611715871
2016-01-19 00:00:00+00:00, -0.00272130622699, -0.012405826218, -7.76005897645e-05, 0.0111879808422, 0.0251863031789, -0.00807764558547, 0.00656430796618, 0.014307589243, 0.00133702166897, 0.00347992518161
2016-01-20 00:00:00+00:00, -0.00990806945863, -0.00350912882063, -0.0135811571146, -0.0187517205116, -0.0245675377254, -0.0196325989521, -0.0233226483917, -0.041892720668, -0.00676826741563, -0.0221075902727
2016-01-21 00:00:00+00:00, 0.00812073514023, 0.000510360314382, 0.00460249400102, 0.00517546513788, 0.00183944910857, -0.00122343850612, 0.0112041647804, 0.0422965187848, 0.00366215464491, -0.00487610266413
2016-01-22 00:00:00+00:00, 0.0199847957662, 0.0216282391349, 0.0198919257577, 0.00918895323077, 0.0341321030083, 0.0206305202759, 0.023335198657, 0.0108182161754, 0.00498822225301, 0.0280636108513
2016-01-25 00:00:00+00:00, -0.018747581304, -0.0142800079888, -0.0187744759272, -0.0204594976452, 0.0, -0.0078327332449, -0.00585115109094, -0.000841239426088, 0.000873201893469, 0.0
2016-01-26 00:00:00+00:00, 0.0182439637166, 0.0184885016716, 0.0156904174981, 0.0138618909463, -0.00268596922517, 0.0140701598014, 0.0120462046205, 0.0, 0.00312241711819, 0.0
2016-01-27 00:00:00+00:00, -0.00761727155358, -0.00930024369623, -0.00866784806225, -0.00461048028032, 0.0, -0.00119286790558, 0.00663079515191, 0.0, -0.00480637187586, 0.022098011179
2016-01-28 00:00:00+00:00, 0.000852859971957, -0.00597389558233, 0.00493529708934, 0.00426419988354, 0.0, 0.00980577031869, -0.000323956589817, 0.0, 0.0, 0.000423926406376
2016-01-29 00:00:00+00:00, 0.0275571218117, 0.0274228574314, 0.0241686001547, 0.025746176315, 0.00584288127083, 0.0120759414877, 0.00712935457737, 0.0152953833201, 0.00712938687273, 0.00254248061359
2016-02-01 00:00:00+00:00, 0.000548168554803, 0.00388320880849, 0.00218991882197, -0.00130981500514, 0.0191059677785, 0.00239867150501, 0.00203786131817, 0.0101354464203, 0.00237486298867, 0.0
2016-02-02 00:00:00+00:00, -0.0208611364754, -0.0227194829359, -0.0198545755943, -0.0226383879687, -0.0344674029213, -0.0206773837281, -0.0150388011774, -0.0131806987139, -0.00218698742482, 0.0114121475971
2016-02-03 00:00:00+00:00, 0.00988522238164, 0.00741520116238, -0.000615006150061, 0.000423411037221, 0.00724102942533, 0.0181066349226, 0.00260812866768, -0.0207977076304, -0.000182648401826, 0.00459693259225
2016-02-04 00:00:00+00:00, 0.00515705578997, 0.00392897995723, -0.00126923076923, 0.0109149609231, -0.00183158569532, 0.00609230769231, 0.00108389334489, -0.00585264549016, 0.0, -0.00998377636341
2016-02-05 00:00:00+00:00, -0.0172291949344, -0.0152085603884, -0.0142488543151, -0.00666319625195, -0.0156887930639, -0.00966419964524, -0.0152663490689, -0.0282011109529, -0.0022378516624, -0.0403378293206
2016-02-08 00:00:00+00:00, -0.0206520644874, -0.0113687811258, -0.0143376176896, 0.0022798972854, -0.00960059654192, -0.0276079303317, -0.014953271028, -0.053642092921, -0.00224287087472, 0.0
2016-02-09 00:00:00+00:00, -0.00361249394246, -0.0125680557676, 0.00328973444312, 0.00888985676457, -0.0189167568585, -0.00698678861789, -0.0123339658444, 0.0, -0.00137627305257, 0.0
2016-02-10 00:00:00+00:00, 0.00101693416457, 0.00664742863032, 0.0, -0.0104961108087, -0.00235023262507, -0.00230267365997, 0.0121489517997, 0.0, 0.002664461595, -0.0442226016901
2016-02-11 00:00:00+00:00, -0.0143404004711, -0.013667775787, -0.0200292339904, -0.00557785575866, -0.0202403846154, -0.00544941659187, -0.022945511389, 0.0252439213257, -0.00219921194905, 0.0
2016-02-12 00:00:00+00:00, 0.0217488722254, 0.0120406892257, 0.0192695315649, 0.0207251446317, 0.00480887187791, 0.0155353574421, 0.00994228901206, 0.00704934541793, -0.00224997704105, -0.0137431856704
2016-02-16 00:00:00+00:00, 0.0199847957662, 0.031641025641, 0.0212387280494, -0.000489783281734, 0.0287151438199, 0.0132029960645, 0.0126732673267, 0.0, 0.00170279350177, 0.017186121046
2016-02-17 00:00:00+00:00, 0.018747581304, 0.0289804642839, 0.0158785484683, 0.0122091274013, 0.0167101827676, 0.0143465731111, 0.0271523548802, 0.0554, 9.18864283745e-05, 0.0187223160875
2016-02-18 00:00:00+00:00, -0.00277164202203, 0.00714975845411, -0.00110556212115, 0.00326388451474, 0.0, -0.0135260329813, 0.00152298069078, 0.0, 0.00450202131569, 0.0
2016-02-19 00:00:00+00:00, -0.00249717832957, -0.00853798925556, -0.000763300511411, 0.0030514462915, -0.00915160853528, 0.00701227147508, -0.0068429913648, 0.000947508053818, 0.0, 0.0
2016-02-22 00:00:00+00:00, 0.0179483190247, 0.022496371553, 0.0126804674968, 0.00637944556859, 0.0198859620188, 0.0103208157175, 0.0132881281785, 0.0, 0.00137199304857, 0.0
2016-02-23 00:00:00+00:00, -0.0121575056967, -0.00747575112373, -0.00905182167911, -0.0086990979155, -0.0145543593772, -0.0116923076923, -0.0135995682677, 0.0181276031806, 0.00178114724151, 0.0245640772782
2016-02-24 00:00:00+00:00, 0.00621685865789, 0.00562520856176, 0.00765014843572, -0.000948016026429, -0.00961177794449, -0.00392278953923, -0.00853485064011, 0.0, -0.00177798039663, 0.0
2016-02-25 00:00:00+00:00, 0.0108612085715, 0.00654183455795, 0.0081208687441, 0.00954463400371, 0.0148653126923, 0.00543851972245, 0.0182099106059, 0.0, 0.00625685056631, 0.0
2016-02-26 00:00:00+00:00, 0.0019082913878, 0.0148824942307, 0.00513300861746, -0.00267966876876, 0.000932966366562, -0.00907734394429, 0.0015716453501, 0.0, -0.00453864657559, 0.0
2016-02-29 00:00:00+00:00, -0.0071907693157, 0.000278435194208, -0.00395124315056, 0.0217212121212, 0.0, 0.00796837746267, -0.00102808289595, 0.0120868392915, 0.00186932932111, 0.0
2016-03-01 00:00:00+00:00, 0.0219370803386, 0.0139178844816, 0.017514314584, 0.0151775474936, 0.0196206366221, 0.0169312169312, 0.0194453471997, -0.00160764319508, -0.000864658232457, 0.028087675548
2016-03-02 00:00:00+00:00, 0.0076995279618, 0.00452985586822, 0.00533303909669, 0.000507943590736, 0.0111984642106, 0.0113239884924, 0.00440996758939, 0.0, 0.000409929401048, 0.0
2016-03-03 00:00:00+00:00, 0.00928763313849, 0.0166712216453, 0.00929245628155, 0.0016277022005, 0.0121140894092, 0.023544365089, 0.00973338975878, 0.00092013249908, 0.000455290475323, 0.0
2016-03-04 00:00:00+00:00, 0.00526984551595, 0.000851254480287, 0.00318979266348, 0.00821145716923, 0.0129516323523, 0.00863343385962, 0.0156642917016, 0.0, 0.00136524984072, 0.0
2016-03-07 00:00:00+00:00, 0.00482976090688, 0.0115045436233, 0.002457002457, 0.00481927710843, 0.0, -0.000586269566747, 0.00170217155826, 0.0, 0.00131794219233, -0.0165964509128
2016-03-08 00:00:00+00:00, -0.0166573978443, 0.000885112409276, -0.0112456747405, -0.00208633093525, -0.0151227900004, -0.00175984044113, -0.0138002059732, -0.00275785990072, 0.00458403304135, 0.0
2016-03-09 00:00:00+00:00, 0.00515727674243, 0.00393526706756, 0.00747302420531, 0.00579145939971, -0.00219357149252, 0.00346712111418, 0.0, -0.0013366519174, -0.00103912532755, -0.000432731836081
2016-03-10 00:00:00+00:00, 0.00158077350731, -0.00568156793658, -0.00177298549047, -0.000716777368949, -0.00524922607564, 0.0130007027407, 0.00657894736842, 0.0, -0.00131156437972, 0.044157755747
2016-03-11 00:00:00+00:00, 0.0192068481241, 0.020065556343, 0.0182325648833, 0.0118592195868, 0.0295868663179, 0.0206382240721, 0.0190891171283, 0.0, -0.000905715062042, 0.0
2016-03-14 00:00:00+00:00, -0.00167976798205, -0.0021711754744, -0.00192232387597, -0.00614366729679, 0.00814788855791, 0.00135938827528, 0.00351216532628, 0.017492038584, 0.0, -0.0306812056885
2016-03-15 00:00:00+00:00, -0.00569190120016, -0.0140998302798, -0.00452972857296, 0.00423204945316, -0.0199878334927, -0.0184965212965, -0.0182094851636, -0.00544316429284, 0.0013598041882, -0.00855468582916
2016-03-16 00:00:00+00:00, 0.00949233209942, 0.00684175678658, 0.00806162665711, -0.00496974288555, 0.00997605746209, 0.0177501152605, 0.0205620996074, 0.0, 0.00307803729857, 0.0
2016-03-17 00:00:00+00:00, 0.00966499908327, 0.0153003068829, 0.00657543984361, 0.0179144956582, 0.00583871109355, 0.0203850509626, 0.00921332388377, 0.00729727264435, 0.00564079422383, 0.0228655248285
2016-03-18 00:00:00+00:00, 0.00451385285877, 0.0047929530636, 0.00550847457627, -0.0022206119539, -0.00218226256983, 0.00105438401776, -0.00185593900482, 0.0004527755139, 0.0, -0.000843561516724
2016-03-21 00:00:00+00:00, 0.0, -0.000945423291792, 0.000351172917545, 0.000727404769714, -0.00406788557432, -0.00382504573424, -0.0034172571486, 0.00135771180304, -0.0040834642136, 0.0
2016-03-22 00:00:00+00:00, -0.00103300449357, -0.000774260151411, -0.00203608790283, 0.000209518213453, 0.00606087223857, -0.00178074568726, -0.00342897483738, 0.00221458917111, 0.00112643056682, 0.0113976951328
2016-03-23 00:00:00+00:00, -0.0102114678662, -0.0149375807146, -0.00756296608977, -0.0089406918504, -0.0103025276116, -0.00763741777233, -0.00490816171634, 0.0, -0.00130518925244, -0.00876497349639
2016-03-24 00:00:00+00:00, -0.00129286703058, -0.0121050561552, -0.00311912947932, -0.0056206310221, 0.0, -0.00792090332004, -0.0121021051561, 0.0, -0.000991437584498, 0.0
2016-03-28 00:00:00+00:00, 0.00193527296502, 0.00915686101035, 0.00245333333333, 0.00757611741795, 0.0, 0.00877689694224, 0.00725756639901, 0.0, 0.00184951281126, 0.0
2016-03-29 00:00:00+00:00, 0.00980123461624, 0.012142199623, 0.00698730226289, 0.0041249263406, 0.00692514666314, 0.0158293572832, 0.00797179212019, 0.0, 0.00675401864109, 0.0
2016-03-30 00:00:00+00:00, 0.00320521105281, 0.000779558250325, 0.00486069529076, 0.00388488262911, 0.00836691782022, 0.00431010664751, 0.0107984790875, 0.0198421645998, 0.00125229214187, 0.0
2016-03-31 00:00:00+00:00, 0.0, 0.00177427730656, -0.00105156156893, -0.00363601535219, -0.00742864590121, -0.0069325997249, -0.00827565452904, -0.00181295600265, 0.00187608880154, 0.0
2016-04-01 00:00:00+00:00, 0.00394218134034, -0.00086396820597, 0.00347380609846, 0.0126261440976, -0.0193014705882, 0.0101944706078, -0.00581601173317, 0.00974572517055, -0.000802532435686, 0.038317402838
2016-04-04 00:00:00+00:00, -0.00621086130787, -0.0157810540879, -0.00793761801525, -0.00389357560026, -0.00174052751372, -0.00592332583777, -0.00330654186591, -0.00241291567956, 0.000669314176074, 0.0166267894075
2016-04-05 00:00:00+00:00, -0.0111047983059, -0.00825865401511, -0.00867082584329, -0.0133668217776, -0.0236498569385, -0.0138482758621, -0.0215383044965, -0.0076520515414, 0.00089182199233, -0.0243328413579
2016-04-06 00:00:00+00:00, 0.0104460461715, 0.0031006378455, 0.00526222222222, 0.00312473662021, 0.00897476990705, 0.00816828913506, 0.0147097178029, 0.0105916241968, -0.00044551367727, 0.0
2016-04-07 00:00:00+00:00, -0.0123927426858, -0.0212841119845, -0.0128744738797, -0.00606281442475, -0.00925799863853, -0.0243063263041, -0.0135197655889, -0.00350815646378, -0.0012925655197, 0.00776810172125
2016-04-08 00:00:00+00:00, 0.00427870461237, 0.00166937375925, 0.00315310473324, 0.0014403939442, 0.0260638541524, 0.022238653168, 0.0162063574779, 0.00220031684563, 0.004329004329, 0.0
2016-04-11 00:00:00+00:00, -0.00142015843235, -0.00445925859196, -0.00175018752009, -0.000212559930091, 0.00772321428571, 0.00472931619652, 0.00430747141172, -0.00742074295249, -0.00213295414149, 0.0146050549718
2016-04-12 00:00:00+00:00, 0.0108294299545, 0.012080354719, 0.0101617289251, 0.00946810923179, 0.0156381517742, 0.0107431609259, 0.0155731427113, 0.00265428002654, 0.00173672960456, 0.0
2016-04-13 00:00:00+00:00, 0.0123785060602, 0.0216370870401, 0.0137078492491, 0.0115413910119, 0.0, 0.00613631382862, 0.00975364504776, 0.00873593646592, -0.00200044454323, 0.0
2016-04-14 00:00:00+00:00, -0.0015044879641, -0.0133899269243, -0.00143261469653, -0.00337991023921, 0.0324958562331, 0.000816815508604, 0.00821549492133, 0.0101036609369, -0.0019153674833, 0.00659762485505
2016-04-15 00:00:00+00:00, -0.000127691089716, -0.00177407193862, -0.00115473441109, -0.00134401426187, -0.00722402940307, 0.00266608629414, -0.00859301693911, -0.00103923096908, 0.00285625027893, -0.0168824978152
2016-04-18 00:00:00+00:00, 0.00676849203106, 0.00351001910517, 0.00322298125766, 0.00571800474176, 0.00476595744681, -0.00265899717821, 0.00577833125778, 0.00793237971391, 0.000222509011615, 0.0121217018869
2016-04-19 00:00:00+00:00, 0.0046807215161, 0.0030549898167, 0.00307294758529, 0.0113247665711, 0.0166017279349, 0.0148539093531, 0.0197117527611, 0.000344041629037, 0.00329240078306, 0.0
2016-04-20 00:00:00+00:00, 0.00150246834085, 0.00697417788568, 0.00309834638816, 0.000914118561177, 0.001208131978, 0.00364572163843, 0.00563407644859, -0.00253643437513, -0.00678492239468, -0.00439139286997
2016-04-21 00:00:00+00:00, -0.00622778043922, -0.00561083592688, -0.00989102519609, -0.00698662039363, -0.011400990305, -0.00395299145299, -0.0139096836513, -0.0016377898457, -0.0061615394919, -0.0144352219415
2016-04-22 00:00:00+00:00, 0.0060511493378, 0.00639188891338, 0.00515265168776, 0.00755647015543, -8.41786270466e-05, -0.00128713933283, -0.00298770632316, -0.00259022621309, 0.0017970259221, -0.0138329468245
2016-04-25 00:00:00+00:00, -0.00440073135363, -0.00722733245729, -0.00753243130144, -0.000699350712447, -0.00526160710527, -0.00494039308345, -0.00663195126744, -0.00259695290859, 0.0, 0.0
2016-04-26 00:00:00+00:00, 0.00688991336947, 0.0082947275535, 0.00516514406184, 0.00675953414021, -0.000423155044008, 0.00129519697787, 0.011473220909, 0.0, 0.000448450603166, 0.0
2016-04-27 00:00:00+00:00, 0.00659119496855, 0.005601015184, 0.00552312371098, 0.00458299686975, 0.00165100330201, 0.00684488519996, -0.00630714320638, 0.0, -0.000313774709758, 0.0198027971451
2016-04-28 00:00:00+00:00, -0.0116215135459, -0.0188851660067, -0.0112984529811, -0.00998115834688, -0.0254849752758, -0.00107060649858, 0.00585514662468, 0.0, 0.00295937584073, 0.0
2016-04-29 00:00:00+00:00, -0.0066123852631, -0.013527298532, -0.0107243319269, -0.00456141951375, -0.00485731633273, 0.006269760463, -0.00948980090985, -0.0151883353584, -0.00456008583691, 0.0
2016-05-02 00:00:00+00:00, 0.00616003360018, 0.00197823936696, 0.00529589479296, 0.00926774503964, 0.0157761701386, 0.00772180210885, 0.0143710800533, 0.00969419229752, 0.00413186023534, 0.00445001820462
2016-05-03 00:00:00+00:00, -0.0108785023085, -0.0135959795387, -0.00873285249611, -0.0132688618744, -0.0147159773468, -0.0256301854886, -0.0141674780915, -4.36414419133e-05, 0.00438321853475, -0.00563856780378
2016-05-04 00:00:00+00:00, -0.00670119572863, -0.010053222945, -0.00773977244356, -0.00499240785902, -0.00809928151535, -0.00498969519471, -0.00958072003556, -0.00606642517348, -0.00133594584966, 0.0
2016-05-05 00:00:00+00:00, -0.000128748181432, -0.0147045308336, -0.00460100647017, -0.00293648408056, -0.00342420650599, -0.00294342090919, -0.000149588631264, 0.0, 0.00387942566664, 0.0
2016-05-06 00:00:00+00:00, 0.0028070717606, 0.000839473929671, 0.00390004333381, 0.00584388479199, 0.0, -0.00158539252132, 0.00159585078795, 0.0, 0.00146581974859, 0.0
2016-05-09 00:00:00+00:00, -0.000256808639043, -0.00274930102516, 0.00248201438849, -0.0112509798497, -0.000440509228668, -0.00372337513004, -0.00338577972515, 0.0, -0.00270557970372, 0.00607558021791
2016-05-10 00:00:00+00:00, 0.0125611682657, 0.0042054109621, 0.00918583372206, 0.0126847922399, 0.0198757216518, 0.0106622698544, 0.00629496402878, 0.0201106524985, 0.000444740938403, 0.00281814887878
2016-05-11 00:00:00+00:00, -0.009906515976, -0.023079428598, -0.00839111111111, -0.0135367257656, 0.0, -0.00804828973843, -0.00193625260649, -0.000817837465565, 0.000444543231829, 0.0
2016-05-12 00:00:00+00:00, -0.00105052782618, -0.00933555608478, -0.0042310588404, 0.00303206425455, 0.0105868118572, 0.0102516309413, -0.000945132567279, -0.0115883341231, 0.000888691401911, 0.0
2016-05-13 00:00:00+00:00, -0.00907994972683, -0.0113947785951, -0.00705772208419, -0.0126594061249, -0.0202249112755, -0.0163881050575, -0.0098585939056, 0.0, -0.00177580466149, 0.0
2016-05-16 00:00:00+00:00, 0.0101079388088, 0.0124501507635, 0.00997280145059, 0.0018384085981, 0.00523697302959, 0.012909632572, 0.00935331388917, 0.0, 0.00306871247498, 0.0
2016-05-17 00:00:00+00:00, -0.00647046010737, -0.00898261120184, -0.0102692998205, -0.0103974497718, -0.00382043935053, -0.012037037037, -0.00473296133918, 0.0142085076709, -0.00434512725016, 0.0
2016-05-18 00:00:00+00:00, -0.0024115962962, -0.00877320537056, 0.00536932230446, 0.00830638117883, 0.0, -0.00281162136832, 0.00585673524553, -0.0105715513537, -0.00997506234414, 0.0
2016-05-19 00:00:00+00:00, -0.00320599831944, 0.00596577017115, -0.0024898960739, -0.00418381472706, -0.016255556524, -0.00862450243255, -0.0154772568926, 0.0, -0.000539762504498, 0.0
2016-05-20 00:00:00+00:00, 0.00757389082703, 0.0110344157107, 0.006041312448, 0.00601392234245, 0.0, -0.000557662279723, 0.00636910478694, 0.0, 0.0, 0.0
2016-05-23 00:00:00+00:00, -0.00101684879845, 0.00331746718592, -0.00316432937792, -0.00112967757119, 0.0, -0.00161812297735, 0.0, 0.0, -0.00175517551755, 0.0
2016-05-24 00:00:00+00:00, 0.0133742204814, 0.00613379336784, 0.0138518144434, 0.0162103576646, 0.0125371018473, 0.00978036103504, 0.00587673916319, 0.0134207783183, 0.0026599341779, 0.0
2016-05-25 00:00:00+00:00, 0.00741258741259, 0.0141455515336, 0.00736497545008, 0.00248087178298, 0.00437521876094, 0.00885543502325, 0.0077399380805, 0.0, 0.00166366906475, 0.0
2016-05-26 00:00:00+00:00, -0.000631050193732, 0.000422674118255, -0.00314343234557, -0.00733168351181, 0.00296218853459, 0.000822909809085, 0.002873990387, -0.00214288775554, 0.00228935673565, 0.0
2016-05-27 00:00:00+00:00, 0.00537994266446, 0.00699464838982, 0.00556264172336, 0.00121155638397, -0.0317060458652, 0.000548155456888, -0.00261870645783, 0.00386548125242, 0.00264242207094, 0.0
2016-05-31 00:00:00+00:00, 0.000866736173046, 0.0050813481889, 0.00144462844861, -0.014148748022, 0.0305463353369, -0.00991617816249, -0.000247696423264, 0.0, -0.0016080761156, 0.0
2016-06-01 00:00:00+00:00, 0.00223399181706, 0.000881261595547, 0.000633312222926, 0.00500424889057, -0.00208922742111, 0.000332005312085, -0.00307219662058, 0.00213922046806, -0.00290814728647, 0.0
2016-06-02 00:00:00+00:00, 0.00395712282108, 0.00634876500301, 0.00450070323488, 0.000563697857948, -0.000479783661186, -0.00486779511008, 0.00114319797207, -0.000426930794518, 0.00224356097999, 0.0
2016-06-03 00:00:00+00:00, -0.00320560794292, -0.00359182169829, -0.00549565947914, -0.00539389671362, -0.00296735905045, 0.0140633685381, 0.00749677291232, 0.00128133942681, 0.0, 0.0445622064314
2016-06-06 00:00:00+00:00, 0.00668209973096, 0.00730196875867, 0.00274541550808, 0.00485671304043, 0.0167191876751, 0.0154579838842, 0.00837727295126, 0.000853133131425, 0.00859598853868, 0.0
2016-06-07 00:00:00+00:00, 0.00367934965009, 0.00995595522114, 0.00554600021061, -0.0029114994363, 0.0122255703831, 0.0157624831309, 0.00908957630846, 0.00383582662064, 0.00173117897727, 0.0
2016-06-08 00:00:00+00:00, 0.00282370425413, 0.00168082496706, 0.00377002827521, 0.00772542379589, 0.0, 0.0119041292448, 0.000823284420553, 0.0029720205494, 0.00341206186024, 0.0
2016-06-09 00:00:00+00:00, -0.00232176157485, -0.0106575963719, -0.00274734828725, -0.00215053763441, -0.0133962745598, -0.0128144530224, -0.00609697087003, 0.00245523430555, -0.000485779897545, 0.0
2016-06-10 00:00:00+00:00, -0.0139382311073, -0.0158148063259, -0.00993862463384, -0.00276424287856, -0.0244407086512, -0.0361759855296, -0.0323758519961, -0.0134284869727, -0.00132549816639, -0.00345901072293
2016-06-13 00:00:00+00:00, -0.00820999510413, -0.00689333954355, -0.0152513120355, -0.00526192154099, -0.0151555319901, -0.0204228073081, -0.0143899371069, -0.00342421778025, -0.000442419147901, 0.0
2016-06-14 00:00:00+00:00, -0.00349344978166, -0.0157583716349, -0.00565133414407, 0.0016058187314, 0.0, -0.0147630585451, -0.0173566797693, -0.0059700210454, -0.00562121010933, 0.0
2016-06-15 00:00:00+00:00, 0.000457264794421, 0.0103878776327, -0.00104316546763, -0.00712029047013, 0.0, 0.00663425793537, 0.0114811159021, 0.0, 0.00391703017894, -0.0127270623626
2016-06-16 00:00:00+00:00, 0.000914111597791, -0.000471609130353, 0.00212451838249, 0.011445668693, -0.019785544439, -0.0027271177774, -0.00585516178737, -0.00259246456965, -0.00172918329343, -0.015234970116
2016-06-17 00:00:00+00:00, 0.00123038674734, 0.0057563461357, 0.000359324469996, -0.0083110297225, 0.00672830465031, 0.0199396114624, 0.00950609630089, -0.000433200485184, 0.00346435709527, 0.0
2016-06-20 00:00:00+00:00, 0.00828540299491, 0.00487896415838, 0.00919540229885, 0.00677083333333, 0.0275971811775, 0.020722783891, 0.0243602865916, 0.0101412845627, 0.00190324436772, 0.0
2016-06-21 00:00:00+00:00, 0.00136955319897, -0.000373482726424, 0.00067625284738, 0.0126040539905, 0.012255552606, -0.000601948123016, 0.0, -0.000429037240433, 0.000751016080579, 0.0
2016-06-22 00:00:00+00:00, -0.00136768008833, -9.34055669718e-05, 0.000355682020274, 0.00260090102643, -0.0142488745137, -0.00323057548048, 0.0040967226219, 0.0, -0.00348739681278, 0.0
2016-06-23 00:00:00+00:00, 0.0146881439413, 0.011116300794, 0.0104888888889, 0.0138046046232, 0.0241209595176, 0.0247747747748, 0.0215444322818, 0.0, 0.00651191636396, 0.0
2016-06-24 00:00:00+00:00, -0.040739502458, -0.029748706578, -0.0377199155524, -0.042220699109, -0.0642507684981, -0.0814794961136, -0.077589985875, -0.0115460554554, -0.00690990713437, 0.0
2016-06-27 00:00:00+00:00, -0.0262176152426, -0.0396115025709, -0.0280824923212, -0.00882591479414, -0.0371072965345, -0.00484388678144, -0.0275108247967, -0.021711754744, -0.0033238787449, -0.0170970685073
2016-06-28 00:00:00+00:00, 0.019963942945, 0.0152191156058, 0.0123401053424, 0.012225644975, 0.0214790255154, 0.0217569786535, 0.0225335288049, 0.00976519153092, 0.00947129707857, 0.0210267172492
2016-06-29 00:00:00+00:00, 0.0190663096878, 0.0217784071488, 0.0179500520291, 0.013171659534, 0.0, 0.0156115479539, 0.0216652506372, 0.0, 0.00894194344111, 0.0130439938337
2016-06-30 00:00:00+00:00, 0.0155466846918, 0.0113739545998, 0.0187287795261, 0.0184446426057, 0.0190046100292, 0.0202882170105, 0.0150207900208, 0.0, 0.00432220039293, 0.0
2016-07-01 00:00:00+00:00, 0.00285075601547, 0.0135141520578, 0.00211439220183, -0.00479262672811, 0.00780168036192, -0.00398803589232, 0.00665676685954, 0.0351224229636, 0.00821596244131, 0.0261422607203
2016-07-05 00:00:00+00:00, -0.0117838582431, -0.0226117767728, -0.0155205092444, -0.0137988516392, -0.0185974073565, -0.0203536870204, -0.0277226715499, -0.00216578902667, -0.00263010391066, -0.00992433172364
2016-07-06 00:00:00+00:00, 0.00577844235497, 0.00896775424537, 0.00573940208507, 0.00309888252418, 0.0, 0.00391689373297, -0.000680129747829, 0.0, 0.00462562683728, 0.0
2016-07-07 00:00:00+00:00, 0.000125992188484, 0.000472768532526, 0.00176978365298, -0.0041658865381, 0.0, -0.013401187447, -0.00104706559866, 0.00744775928842, -0.00520676449073, 0.0
2016-07-08 00:00:00+00:00, 0.0183421516755, 0.0249503827616, 0.0181713296798, 0.0122209165687, 0.00415402567095, 0.014156350298, 0.0167182013521, 0.0133491044272, 0.00908383078121, 0.00503110838006
2016-07-11 00:00:00+00:00, 0.00416893463308, 0.00945136007377, 0.00524079320113, 0.00218249361505, 0.0298875151064, 0.0111896015824, 0.0169587628866, 0.00708687677172, 0.00471536351166, 0.0106996828308
2016-07-12 00:00:00+00:00, 0.0118389119535, 0.0189997716374, 0.0127166408342, 0.00569919377259, 0.026808683486, 0.0149220365506, 0.0151046682549, 0.00413941551453, -0.00170663025855, 0.0
2016-07-13 00:00:00+00:00, -0.000474833808167, -0.00421316839227, -0.00264357021114, 0.00852338170928, 0.0, 0.00220264317181, -0.00394467468917, 0.0, 0.0031199247799, -0.00340277515218
2016-07-14 00:00:00+00:00, 0.00422681040258, 0.00351082504389, 0.00624280682175, -0.00141388761992, -0.00826337303855, 0.0103296703297, 0.0114798476038, 0.0, -0.00311022112394, 0.0
2016-07-15 00:00:00+00:00, -0.000970379175663, -8.97062121553e-05, -0.000173298211562, 0.00182761830912, 0.00744581837522, -0.00484011311725, -0.0103087674084, -0.00169016406959, -0.00675271390717, -0.0129367578436
2016-07-18 00:00:00+00:00, 0.00205191714626, 0.00260171354237, 0.00190661073942, 0.00415544088771, 0.0, 0.00715886113995, 0.00691071160298, 0.000412933063551, 0.00172117039587, 0.0
2016-07-19 00:00:00+00:00, -0.00300493148029, -0.00599525748289, -0.00377136530344, 0.00204638472033, 0.0, -0.00444926749864, -0.00939971154324, -0.00123828786065, 0.003264604811, 0.0
2016-07-20 00:00:00+00:00, 0.00517725411081, 0.0108475491741, 0.00611259681173, -0.00503744043567, 0.00175971140733, 0.0054501853063, 0.00597449543127, 0.00847212464355, -0.00201233087858, 0.0
2016-07-21 00:00:00+00:00, -0.00334909139271, -0.000801496126102, -0.00576478304394, -0.0127257799672, 0.00680690351763, 0.00314397224631, -0.00194639916155, -0.00672076059339, 0.0, -0.00784072565147
2016-07-22 00:00:00+00:00, 0.00588363742236, 0.0017825311943, 0.00381917922367, 0.0016401016401, 0.0, -0.00124284015995, 0.0, 0.0106857001403, 0.00506242224034, -0.00058108003409
2016-07-25 00:00:00+00:00, -0.00202612250805, 0.000845195729537, -0.000518815716657, -0.00311339683125, -0.00837477100236, 0.00135259427582, -0.00200020002, -0.00163285300241, -0.00670166901439, 0.0
2016-07-26 00:00:00+00:00, 0.0044230141754, 0.0092448553269, 0.00598678063467, 0.00124924813769, 0.00857746107152, 0.00394424032851, 0.00546146908508, 0.00327104714397, 0.00124623979373, 0.00887631303539
2016-07-27 00:00:00+00:00, -0.00524574384888, -0.00550491038006, -0.000447196422429, -0.000462107208872, 0.0172707052205, 0.00608148108283, 0.00578063487317, -0.00326038227982, 0.00257521782051, -0.00341939449823
2016-07-28 00:00:00+00:00, 0.00204404987966, 0.00225843592242, 0.00316619059091, 0.00166435506241, 0.00167202572347, -0.00101636888841, 0.0051528514096, 0.0, 0.000813390984203, 0.0
2016-07-29 00:00:00+00:00, 0.00107425646968, -0.000486015994345, -0.00205838965316, -0.00166158958737, 0.0080465673686, 0.00631860776439, 0.00685167841475, 0.00261683771517, 0.00423475062024, 0.0335016770115
2016-08-01 00:00:00+00:00, -0.00430447206916, -0.00309433295023, -0.00543160644917, -0.00212667591308, 0.0, -0.00111743734369, -0.00680505238422, -0.000203906855349, -0.00046854368105, -0.00581915846016
2016-08-02 00:00:00+00:00, -0.0099539840155, -0.0172490244768, -0.00902146486468, -0.003938102298, -0.0126103940217, -0.00942893671426, 0.00241533987282, -0.00889215206396, -0.00720190914515, 0.00176346990845
2016-08-03 00:00:00+00:00, 0.00593214119719, 0.0114605423454, 0.00844087896756, 0.0019070654449, -0.00464416254569, -0.00188222640495, -0.00531077891424, -0.00201662688287, -0.00115894750397, -0.0112363758942
2016-08-04 00:00:00+00:00, 0.000364772685821, 0.00102600704822, 0.00100304371887, -0.00259981429898, 0.0166328249881, 0.0109913793103, 0.00870081075737, 0.00651573260753, 0.00124623979373, -0.00681844009243
2016-08-05 00:00:00+00:00, 0.00867842427042, 0.0150178253119, 0.0137521163747, 0.0151275367716, 0.000849906510284, 0.00271797058197, 0.00107821995687, 0.00102429630844, -0.00210309455341, 0.00457683359396
2016-08-08 00:00:00+00:00, 0.000349452323858, 0.00215129297098, -0.000102252973857, 0.00055023155578, 0.0134595788043, 0.00201966516078, 0.00729462449819, -0.00343811394892, 0.00490322580645, -0.0110862219522
2016-08-09 00:00:00+00:00, -0.00146959622241, -0.0073162183475, -0.00334060539951, 0.012281746941, 0.00389626712472, 0.00572853126823, 0.00534629404617, -4.10711352061e-05, 0.00269645608629, 0.0108265827159
2016-08-10 00:00:00+00:00, -0.00247303785557, -0.00225076128691, -0.00171010329024, -0.00371225496854, 0.00517486019531, 0.00870207267549, 0.00676818950931, -0.00283402472584, -0.00081103000811, 0.00873561472141
2016-08-11 00:00:00+00:00, 0.00719563666268, 0.0223372257608, 0.00914759490201, 0.00827009587858, 0.0, 0.0050193453937, 0.0036974789916, 0.00181234039048, -0.00491285030759, 0.0
2016-08-12 00:00:00+00:00, -0.00106863263052, -0.00121143944966, -0.00370056017654, -0.00148722339898, 0.000415178942124, 0.00254916241806, -0.00133958472873, 0.00123345119645, 0.0059674580346, 0.0
2016-08-15 00:00:00+00:00, 0.00512050003005, 0.00991986138185, 0.0089279629251, 0.000947824517061, 0.00493857901726, 0.00856208811167, -0.00119766216346, 0.0, 0.00234721748037, 0.0
2016-08-16 00:00:00+00:00, -0.00593152437785, -0.00338852191816, -0.00482977573629, -0.00347206565361, -0.00491430931241, 0.0009775674007, -0.000671495035733, -0.00468134034166, -0.00672712564397, -0.00564780300463
2016-08-17 00:00:00+00:00, 0.000962406015037, -0.00142027114267, -0.00268114712371, 0.0115610859729, -0.00734561752988, -0.0101259316371, -0.000959923206143, -0.0049509035399, -0.00252904110763, -0.0106024461358
2016-08-18 00:00:00+00:00, 0.00546842136891, 0.0072838548401, 0.00183760974614, -0.00158797611326, 0.00535139428906, 0.00721777962405, 0.00619745375931, 0.0, 0.00339492909325, -0.000765433043744
2016-08-19 00:00:00+00:00, 0.0, 0.00868597834924, 0.00101902173913, -0.000358422939068, 0.00781802303822, -0.00412434912615, -0.00759167303285, 0.00617795837134, -0.00214141933273, -0.00689417442261
2016-08-22 00:00:00+00:00, -0.00070523547693, -0.00674471875795, -0.00318968442484, -0.00192721405522, 0.00524035485868, -0.00714396645442, 0.00125090209286, 0.0, 0.000858405940169, -0.000732770257241
2016-08-23 00:00:00+00:00, 0.00391143646607, 0.0137518684604, 0.00452750544662, 0.00220036822489, 0.00209342418521, 0.00411908858647, 0.00350776031906, 0.0070053982775, 0.00338779536001, 0.0173292165187
2016-08-24 00:00:00+00:00, -0.00685111047565, -0.0032438808611, -0.00450709952896, -0.00259879917555, -0.0015155859583, -0.00259632360577, 0.0, -0.00581086058027, -0.00504316608257, 0.0
2016-08-25 00:00:00+00:00, -0.00046788957806, -0.00642434488588, -0.00068082788671, 0.00175202156334, 0.0, -0.00603915035402, -0.0100076613676, 0.0, 0.000816151202749, -0.0163132137031
2016-08-26 00:00:00+00:00, -0.00249657920638, -0.0138250808235, -0.00221419811963, -0.00426028073008, -0.0151378404989, -0.00838047349675, -0.00899637243047, -0.00358098374151, -0.00927078415383, -0.00848470824174
2016-08-29 00:00:00+00:00, 0.0053546073689, 0.00595263770867, 0.00536000819364, 0.00846694289317, 0.0114966468113, 0.011462074794, 0.00278198057494, 0.0, 0.00810120001733, -0.00816834571551
2016-08-30 00:00:00+00:00, -0.00177137317327, -0.0057030144505, 0.00190165715838, 0.00607359771347, 0.00168842400033, -0.00255888035929, -0.00340698919498, -0.00140449438202, -0.00244950580146, -0.00666692811483
2016-08-31 00:00:00+00:00, -0.00404062203997, -0.00707262377092, -0.00328768980477, 0.00173117897727, 0.0001233349778, -0.00413612565445, -0.00195350654425, -0.00289567303715, -0.00262783784948, -0.00714595917723
2016-09-01 00:00:00+00:00, -0.000722317193557, -0.00859972202919, -0.00340055088924, -0.00105906855142, 0.00596045546101, 0.0077808737711, 0.00587199060482, 0.00319449054099, 0.0, 0.00318116748847
2016-09-02 00:00:00+00:00, 0.00537310555863, 0.00692193113117, 0.00774558979083, 0.00274585128044, 0.0044540699575, 0.00980750169545, 0.0105565285075, 0.0, 0.00850898410504, 0.00915649278579
2016-09-06 00:00:00+00:00, 0.00178545750851, -0.000826662025757, -0.00369066161035, -0.00256580402566, 0.00402750091534, 0.0152399648706, 0.0120829923458, 0.0163764939415, 0.00509657801191, 0.013747594171
2016-09-07 00:00:00+00:00, 0.00236839272258, 0.00714130198128, 0.00672897196262, -0.00549962300971, 0.00559157212318, 0.00208630164869, -0.00142694063927, -0.00122065345648, 0.00707346173513, 0.00193730869077
2016-09-08 00:00:00+00:00, -0.00153939784484, 0.000172943058498, -0.00435472436958, 0.00227445034117, -0.00358610685793, 0.00304676788707, -0.000952653138992, -0.000407381757445, -0.0101125497165, 0.0
2016-09-09 00:00:00+00:00, -0.0272379586471, -0.0243807547659, -0.0177324201533, -0.0209130550859, -0.0122123822233, -0.0250594846352, -0.0147325259846, -0.0350083547296, -0.0168839495619, -0.0382845430991
2016-09-12 00:00:00+00:00, 0.0148542222113, 0.0127165581107, 0.00835318076697, 0.0162243228504, 0.00102345764932, 0.00721777962405, 0.00319380595209, 0.0130923219867, 0.000173913043478, 0.00281474928626
2016-09-13 00:00:00+00:00, -0.0169128329298, -0.0127756387819, -0.0140348474994, -0.0183802155539, -0.0132913463111, -0.0255194102181, -0.0257585258791, 0.0, -0.0111284993914, 0.0
2016-09-14 00:00:00+00:00, -0.00171175941776, 0.00296933167878, -0.00513835364372, -0.00428246013667, -0.00729473204294, 0.00497301872818, 0.00475318116552, 0.0, 0.00171443643397, 0.0
2016-09-15 00:00:00+00:00, 0.0103991907629, -0.00234192037471, 0.0126330483336, 0.00608528550512, 0.00233810696839, 0.00752790061066, 0.000344946533287, -0.00833750208438, 0.000438846710844, 0.00320782709812
2016-09-16 00:00:00+00:00, -0.0044929004847, -0.000398618123837, -0.00703036151222, -0.011278366456, -0.0127879368518, -0.013428078792, -0.00408866995074, 0.00647385236254, -0.000438654208887, -0.00279787361605
2016-09-19 00:00:00+00:00, 0.00194998712273, 0.0127608666755, 0.00992607503557, 0.00285626236144, 0.0128691983122, 0.0073615083148, 0.0024731661473, 0.0120708378582, 0.00346688901567, 0.00805643512766
2016-09-20 00:00:00+00:00, -0.00206859409043, -0.00853130332065, -0.0027148699268, -0.000738335442055, 0.00749843782545, -0.00210293885705, 0.0118912517886, 0.00247616689365, 0.00559783084055, 0.00834990059642
2016-09-21 00:00:00+00:00, 0.0132958824467, 0.0109875562616, 0.00988973121985, 0.00826180749989, 0.0155468265454, 0.0151203835414, 0.00960600741174, 0.0139557860936, 0.0068713577455, 0.00354889589905
2016-09-22 00:00:00+00:00, 0.00781959255807, 0.00388459691851, 0.00842802060941, 0.000409705467292, 0.00887586010342, 0.0087191197841, 0.0143926587781, 0.0106780349168, 0.0114892881824, 0.0125736738703
2016-09-23 00:00:00+00:00, -0.00524868182419, -0.00217391304348, -0.00768085538337, -0.0105933745905, -0.0111788207757, -0.00360156410784, -0.00476122458696, 0.0, -0.00226321632932, 0.0
2016-09-26 00:00:00+00:00, -0.00744971142933, -0.00949891067538, -0.00699014559962, -0.00525221678502, -0.0117133295241, -0.0074357120727, -0.00971152466153, 0.0, -0.00158356516157, -0.0104772991851
2016-09-27 00:00:00+00:00, 0.00447661334469, 0.000571881048742, 0.0071423665957, 0.00758241250173, 0.0138756968821, -0.00358963687441, -0.00289855072464, -0.0117302052786, -0.00120027434842, 0.00509803921569
2016-09-28 00:00:00+00:00, 0.00770227556223, -0.00276983952517, 0.0102966246164, -0.00112421419722, 0.0, 0.0138359525923, 0.00881782945736, 0.00447136295273, 0.00437768240343, 0.0
2016-09-29 00:00:00+00:00, -0.0091937170258, 0.0, -0.0057032937365, -0.0113007327101, -0.00684289845627, -0.00700381089711, -0.00946114686389, 0.0, -0.00341851123836, 0.0
2016-09-30 00:00:00+00:00, 0.00819950511863, 0.0153425623843, 0.0102840851237, 0.00620281101173, 0.00689004634376, 0.00876465096982, 0.0138181818182, -0.00404678078588, 0.000428779692994, 0.0
2016-10-03 00:00:00+00:00, -0.00394610202117, -0.0062527138515, -0.00131021971377, -0.00479774658293, 0.00403242230459, 0.0015423371549, -0.00334768053563, -0.00792328633538, -0.00467169552546, 0.0132657042528
2016-10-04 00:00:00+00:00, -0.00612378007537, 0.000174779341082, -0.00501227840011, -0.00422696628171, -0.0048275862069, -0.000513320671424, -0.000959692898273, -0.009624836173, -0.00641605305085, 0.0
2016-10-05 00:00:00+00:00, 0.00567539648782, 0.0104412407165, 0.00977077557644, 0.00754857648758, 0.004851004851, 0.0148425864106, 0.000720461095101, -0.00119928869774, -0.00234029643755, -0.0134770889488
2016-10-06 00:00:00+00:00, 0.000604215003867, -0.00198884517273, 0.00160712492048, -0.00180363501827, -0.000405679513184, 0.00151821862348, -0.00551955843533, 0.0, -0.000651607298002, -0.00702576112412
2016-10-07 00:00:00+00:00, -0.00541049733098, -0.000173287700905, -0.0038107972589, 0.00454040029652, -0.00194805194805, 0.00252652854977, -0.00564671814672, 0.0, -0.00386872419039, -0.00900157232704
2016-10-10 00:00:00+00:00, 0.00446851397625, 0.0030330603579, 0.00513405590416, 0.0041970297943, 0.00154521795706, 0.000504032258065, 0.00713488326943, -0.00231864855913, 0.00562925466923, 0.000951965411923
2016-10-11 00:00:00+00:00, -0.0150262324412, -0.012441142166, -0.0102490485411, -0.00831304827079, -0.00803897685749, -0.0110327455919, -0.00819277108434, -0.0168077689243, -0.0101106530701, -0.0148603130573
2016-10-12 00:00:00+00:00, 0.00135004111489, 0.00100608022396, 0.00286706918069, 0.00685439051501, 0.000327439423707, -0.000509398400489, -0.000388726919339, 0.00379891097885, -0.00280554094336, -0.00402252614642
2016-10-13 00:00:00+00:00, -0.00329701307774, -0.00450096137039, -0.0068276604332, -0.0120055197792, 0.0, 0.0, -0.00199300019444, 0.0, 0.00202215579392, 0.0
2016-10-14 00:00:00+00:00, -0.000971470732907, -0.00829638734033, 0.00132073554811, 0.00721635085432, -0.00716039279869, -0.00254829009734, 0.00677024986606, 0.0, -0.00596648240765, 0.00767366720517
2016-10-17 00:00:00+00:00, -0.00380349823365, -0.00659525495751, -0.00534361471861, -0.00254229453638, 0.00651143622502, 0.00459864084615, -0.0070633768747, 0.00336403010807, 0.0, -0.00921843687375
2016-10-18 00:00:00+00:00, 0.00725300252063, 0.00311901260972, 0.00673240394424, 0.00236340886973, 0.00700159685542, 0.0136819083465, 0.0111089456246, 0.00963916013579, 0.00834142466237, -0.000809061488673
2016-10-19 00:00:00+00:00, 0.00488229737853, -0.00266512681562, 0.00202647932991, 0.00485436893204, 0.00548914369358, 0.00416457601606, 0.00520431765613, 0.000415092773235, 0.00669672167024, 0.0153846153846
2016-10-20 00:00:00+00:00, -0.00145268991784, -0.00458736026366, -0.00468518268842, -0.00172532781228, 0.0107970399127, -0.000199870084445, 0.00335570469799, -0.00414920542716, -0.00104347826087, -0.00518341307815
2016-10-21 00:00:00+00:00, -0.00097801902247, 0.00639821029083, 0.000643435267025, -0.00656757690978, -0.000400064010242, 0.00149932530361, 0.0, 0.0, 0.000391713091922, 0.0
2016-10-24 00:00:00+00:00, 0.00316943635429, 0.00506824345352, 0.00351969676459, 0.000139178844816, 0.0, 0.00049902689755, -0.00759675107501, 0.0, 0.00261039808571, -0.0132264529058
2016-10-25 00:00:00+00:00, -0.00607487465997, -0.00769673110099, -0.00664373398084, -0.00227293812042, 0.00872488593612, 0.00199511197566, 0.00476626065187, 0.00416649306279, -0.00173573443263, 0.00324939073924
2016-10-26 00:00:00+00:00, -0.000368193031333, 0.000713234966344, 0.00210490578849, 0.00367288111953, 0.00273766068878, -0.00597341828862, -0.00143747005271, 0.0, -0.00086937622256, 0.0
2016-10-27 00:00:00+00:00, -0.00579503738536, -0.00913180988017, -0.0113493918759, 0.00356679636835, 0.000316543346655, 0.00300465721869, -0.00163147792706, -0.0149371395378, -0.0077441809876, -0.0178137651822
2016-10-28 00:00:00+00:00, -0.00030872963928, 0.00269735659054, 0.000342676992667, -0.00300023078698, 0.00870218741347, -0.00249638024864, 0.00115351340959, 0.0, 0.00263077125444, 0.0
2016-10-31 00:00:00+00:00, 0.00196412689001, 0.0102672166428, 0.00270622088243, 0.00168981481481, 0.000784282969295, 0.00150157665549, -0.00321651464234, 0.00248515226823, 0.0043293829536, 0.00824402308326
2016-11-01 00:00:00+00:00, -0.00833425799213, -0.0108729419074, -0.0118547367702, -0.00446005592402, -0.0106970729987, -0.00694687390674, -0.00635746279439, 0.00298319327731, -0.00692327788905, -0.00727718724448
2016-11-02 00:00:00+00:00, -0.00738484490582, -0.00282663316583, -0.000691467293597, -0.00232126276695, -0.00435678073511, -0.0045294413689, -4.84707479037e-05, -0.018013489171, -0.00749769807515, 0.00403591137468
2016-11-03 00:00:00+00:00, -0.00301849926729, -0.0089538807649, -0.0044284528093, 0.00269892973476, 0.00576815975814, -0.00303336703741, 0.0, 0.0, 0.000574306414561, -0.00237899917966
2016-11-04 00:00:00+00:00, 0.0, 0.00308726051031, 0.00100778426466, -0.0040839056989, -0.012142546375, -0.0121196754564, -0.0106640814348, -0.000426602960624, -0.00781491456576, -0.00583833566319
2016-11-07 00:00:00+00:00, 0.0217336683417, 0.00769439666878, 0.0153098420413, 0.0268872320596, 0.0138933376041, 0.0148349674041, 0.0078392944635, 0.0170714011352, 0.0175774296903, 0.0
2016-11-08 00:00:00+00:00, 0.00366408459363, 0.0054347826087, 0.00423989605416, 0.00580841312338, -0.002132448762, 0.00556398583713, 0.00437530384054, 0.00965129453233, 0.00424192067171, 0.0
2016-11-09 00:00:00+00:00, 0.0119444308326, 0.0230511503239, 0.0258086482806, 0.0241371531694, 0.0021370058174, -0.0107645875252, -0.000484027105518, -0.00278458916919, -0.0055303954015, 0.0
2016-11-10 00:00:00+00:00, 0.00734840138978, 0.0286450373346, 0.0165958576739, 0.0325991189427, -0.0133080598665, -0.0144411674972, -0.00430992736077, -0.0184629490706, -0.00608661382844, -0.00992555831266
2016-11-11 00:00:00+00:00, 9.61422905903e-05, 0.0092541495097, 0.00581167559096, 0.00349829351536, -0.00788441527255, -0.016458569807, -0.00588492777589, 0.0185979363934, -0.0154198607807, -0.0242272347536
2016-11-14 00:00:00+00:00, 0.00814727582975, 0.0209463722397, 0.0138284749724, 0.00743984355072, 0.00476017588446, -0.0143209358443, -0.00538160469667, 0.0, -0.00250581707535, -0.00770547945205
2016-11-15 00:00:00+00:00, 0.00729474587585, -0.00531454702756, 0.00413037909836, -0.00358695193484, 0.00690568916369, 0.0143693453965, 0.00590260698475, 0.0150902496978, 0.00488964650996, 0.0
2016-11-16 00:00:00+00:00, -0.00407062053297, 0.00505301524188, -0.00274225949428, -0.00275283754023, -0.00956975955979, -0.0102833158447, -0.0107579462103, 0.00447620220935, 0.0023659658051, 0.00215703192407
2016-11-17 00:00:00+00:00, 0.00508530963357, 0.00721173658617, 0.0084412470024, 0.00883339703572, 0.00354281573332, -0.00424088210348, 0.00444883835887, 0.0, -0.00307294914046, 0.0
2016-11-18 00:00:00+00:00, -0.00247068280688, -0.00732375925699, -0.000602428739022, -0.00429383287729, -0.00842459983151, -0.00111797274276, -0.00885826771654, 0.0, 0.00236765691311, -0.00129143349118
2016-11-21 00:00:00+00:00, 0.00802294300985, 0.00778995960762, 0.00469543147208, 0.0062106286729, -0.00109236557835, 0.0137504663433, 0.0104270109235, 0.0127146361406, 0.0115874855156, 0.00991379310345
2016-11-22 00:00:00+00:00, 0.00303315306842, 0.0130056030428, 0.0102943033978, -0.000205883217997, 0.0123936816525, 0.011093002471, 0.00933660933661, 0.0064591659602, 0.00612388756719, -0.00128040973111
2016-11-23 00:00:00+00:00, 0.00284816803019, 0.0, 0.00359442395449, -0.00332002521538, -0.00672107537206, -0.00670757071547, -0.00730282375852, -0.00120332116642, -0.0056487279415, -0.0017094017094
2016-11-25 00:00:00+00:00, 0.0030270800949, 0.00322984375631, 0.00046715874054, -0.000316242199359, 0.0127678427582, -0.00261738993875, 0.00686611083865, 0.0, 0.00700193764312, 0.0
2016-11-28 00:00:00+00:00, -0.0063155441622, -0.0127972956658, -0.00709749719836, -0.0070017082481, 0.0, -0.00104970345877, -0.000633219678519, 0.0, -0.000437311409455, 0.0
2016-11-29 00:00:00+00:00, 0.000469054152302, 0.00232359055888, 0.00125407574617, 0.00456621004566, 0.00668124875721, 0.000840645195187, 0.00209582297607, 0.0, -0.00306251914074, 0.0
2016-11-30 00:00:00+00:00, 0.000234417121826, -0.00272490645844, 0.0030999498998, 0.00109936575053, -0.011298542251, 0.00335975641766, -0.00291828793774, 0.0048592426007, 0.00131654013253, -0.00338184931507
2016-12-01 00:00:00+00:00, -0.00325763434812, 0.00301782145916, 0.000312158576557, 0.014233823281, -0.00319654772845, -0.0052320410192, 0.00731707317073, 0.000759331788027, -0.0021913485559, -0.0154632532967
2016-12-02 00:00:00+00:00, 0.000693628027275, -0.00341532831876, 0.000655328444375, -0.00441427560072, -0.00697478654748, 0.00210382369957, -0.00484261501211, -0.0131783874446, 0.0, 0.00170149644431
2016-12-05 00:00:00+00:00, 0.00736615796708, 0.0113418465179, 0.00658017838209, 0.00447567658008, 0.010212731603, 0.0120191046029, 0.00686131386861, 0.0161871231435, 0.0108929591075, 0.00505226480836
2016-12-06 00:00:00+00:00, 0.0050964476477, 0.0099237565049, 0.00907767140688, 0.00716248854835, 0.0110684887717, 0.0149880717768, 0.00430138707651, 0.0, 0.000434499239626, 0.000606690934304
2016-12-07 00:00:00+00:00, 0.0138542403954, 0.0201717595366, 0.0146146760823, 0.0192259985115, 0.0218946369996, 0.0188033314598, 0.0173243503369, 0.01708414639, 0.0142019543974, 0.00476396708532
2016-12-08 00:00:00+00:00, 0.00465797635533, 0.00794831636648, 0.00541669188404, -0.00227171311509, 0.00228178056232, -0.00646973268469, 0.00189214758751, 0.0, 0.00338300787941, 0.0
2016-12-09 00:00:00+00:00, 0.00249475986512, -0.00213650312706, 0.000240782543266, 0.00475909737752, -0.00227658589288, -0.00348308934881, -0.0028328611898, 0.0, 0.000426785028381, 0.0
2016-12-12 00:00:00+00:00, -0.00502255604923, -0.00482715664902, -0.00743237143803, 0.00815189350944, -0.00537572030785, 0.00552150346994, 0.00340909090909, -0.0164056382146, -0.00251695746768, -0.0146551724138
2016-12-13 00:00:00+00:00, 0.00414568129647, 0.00731497418244, 0.00118231977202, 0.00299034659923, 0.00688233921767, 0.0115365239295, 0.00703095507739, 0.00358265992596, 0.00209562911641, 0.0113735783027
2016-12-14 00:00:00+00:00, -0.0105204494791, -0.0091646926333, -0.00778198334595, -0.0102048983512, -0.00301216451052, -0.0238059664326, -0.0192587039033, 0.000396652254968, -0.0113951602578, -0.00173010380623
2016-12-15 00:00:00+00:00, 0.00365521442775, 0.0, 0.0057373046875, 0.00456879472769, -0.00611999845063, 0.00204071220856, -0.00286669851887, -0.00317195987471, 0.0, -0.0211871750433
2016-12-16 00:00:00+00:00, -0.00277151070238, -0.00701548108956, -0.00512804952057, -0.00744586653787, 0.00307884173195, 0.0040221984624, -0.00335409678965, -0.00636410643968, -0.00384216888275, -0.00048691956974
2016-12-19 00:00:00+00:00, 0.00137812230835, 0.00213135459425, 0.00515448195931, 0.00567697984672, 0.0, -0.00958417849899, -0.000961538461538, 0.00360273808094, 0.00125677139762, -0.00265721877768
2016-12-20 00:00:00+00:00, 0.00331441022994, 0.00645923591965, 0.00661488044666, 0.00584653844603, 0.00268086098376, 0.0104449336952, 0.00288739172281, 0.00797734434207, 0.00173130193906, -0.00532859680284
2016-12-21 00:00:00+00:00, -0.00227470165973, -0.00367848477733, -0.000904322662326, -0.0027258879179, -0.00457240283644, 0.0032936407398, -0.000911708253359, 0.0, 0.00086415485655, 0.0111607142857
2016-12-22 00:00:00+00:00, -0.00388382883657, -0.0185388845247, -0.0101074100893, 0.000884315459442, 0.00494375024329, -0.0010101010101, -0.00465875798473, -0.0114756044478, -0.00259022621309, 0.0
2016-12-23 00:00:00+00:00, 0.00220826720033, -0.000480230510645, -0.00155445152245, -0.00463855421687, -0.00379609544469, 0.00556117290192, 0.00453580389886, 0.00200152115608, -0.0007358033241, -0.0114790286976
2016-12-27 00:00:00+00:00, 0.00316738965778, 0.00364349775785, 0.00625801330973, -0.00219895499203, 0.00272182906913, 0.00754147812971, 0.00105677778845, 0.0, 0.00420149867891, 0.0
2016-12-28 00:00:00+00:00, -0.0102500743588, -0.00690150396936, -0.0106786396869, -0.00727860897695, 0.000853109973631, -0.000499001996008, -0.00431861804223, -0.00199752307139, -0.00521911663216, 0.0156319785619
2016-12-29 00:00:00+00:00, 0.000566356133983, -0.00313328512895, -0.00236116647757, -0.00395112016293, -0.00968616815188, 0.00564153769346, 0.0, -0.00240182538729, 0.00650392403417, 0.00219876868953
2016-12-30 00:00:00+00:00, -0.00310741968649, -0.00531914893617, -0.00335034118153, -0.000858790332474, 0.00473395931142, 0.00282976716477, 0.00963855421687, -0.00882789615184, -0.00301555163055, 0.000438788942519
2017-01-03 00:00:00+00:00, 0.00797237479432, 0.00875060768109, 0.00370084811103, 0.00452275703995, 0.00767104084732, 0.0138613861386, 0.00630071599045, -0.00125500991863, 0.00734563366893, 0.0131578947368
2017-01-04 00:00:00+00:00, 0.0100705860713, 0.0181526104418, 0.0140728222461, 0.0028725679943, 0.015148002164, 0.01025390625, 0.0110995161749, 0.0170652614512, 0.00960837301077, 0.0030303030303
2017-01-05 00:00:00+00:00, -0.0027201748196, -0.0192489744399, -0.0106050965064, -0.00519440945842, 0.0144651693947, 0.0106331561141, 0.00769375117283, 0.00191303654697, -0.00344139015168, 0.0106171773845
2017-01-06 00:00:00+00:00, 0.0024993437796, 0.000965250965251, 0.00401188252228, 0.00203502939537, -0.00750469043152, -0.00621712099474, -0.00251396648045, -0.00270496042006, 0.000682128240109, -0.00623505295524
2017-01-09 00:00:00+00:00, -0.00555542906582, -0.00498232079717, -0.00576500732064, -0.00876210282316, 0.0, -0.000962463907603, -0.00336040324839, 0.0, -0.00127811860941, -0.00386764073915
2017-01-10 00:00:00+00:00, 0.00112187192344, 0.0107817800032, 0.00641202638441, -0.00324835526316, 0.00415879017013, 0.0019267822736, 0.00112391121101, 0.00797734434207, 0.00383926286153, 0.00862812769629
2017-01-11 00:00:00+00:00, 0.00252710058089, -0.00235707722424, 0.00304840873064, 0.00346520358071, 0.00527108433735, 0.00389423076923, 0.00711011320049, -0.0003957104982, 0.00467448580656, 0.000427715996578
2017-01-12 00:00:00+00:00, -0.00135731639159, 0.0012413903572, -0.0042548018478, -0.00430100719424, -0.00486891385768, 0.0100090991811, 0.00139340455179, -0.0027710700289, 0.00211488029778, 0.0111158614793
2017-01-13 00:00:00+00:00, 0.00170180688489, 0.000399952005759, 0.00427298254181, 0.00294677481912, 0.00677455777192, -0.00094831673779, 0.00510204081633, 0.00948751538248, 0.0021104170184, 0.00295983086681
2017-01-17 00:00:00+00:00, -0.00238304276935, -0.00199896054052, -0.0069900316071, -0.0143155598094, 0.0014953271028, 0.00047460844803, -0.00276880479926, -0.00625245772709, -0.00619155926207, -0.000843170320405
2017-01-18 00:00:00+00:00, 0.00283448007863, -0.00356527660938, 0.00639652322948, 0.00526227865018, -0.00821201941023, -0.00222960151803, -0.00333179083758, 0.0023742629892, 0.000296673023946, 0.00122362869198
2017-01-19 00:00:00+00:00, -0.00498051104374, 0.000402026212109, -0.00422710823222, -0.00656418778563, -0.00376364320662, -0.000237721675463, -0.00868232890705, -0.00592159804192, -0.00508431488857, 0.0
2017-01-20 00:00:00+00:00, 0.00375694404673, -0.00642983443176, 0.00122159784999, 0.00460020073603, 0.00302228938421, 0.00575423245197, 0.0, 0.00436837297963, 0.0048121965761, 0.0
2017-01-23 00:00:00+00:00, -0.00284139536476, -0.00453001132503, -0.00295876037091, -0.00803638331529, 0.00188323917137, 0.0104496666509, 0.00838368226313, -0.00245146494801, 0.00695062513244, 0.00847064773062
2017-01-24 00:00:00+00:00, 0.00946397509842, 0.0126767430522, 0.0125738061003, 0.0114167850451, 0.00977443609023, 0.00467945718297, 0.00803529958198, 0.0194617305482, 0.0106065070079, 0.0146259924781
2017-01-25 00:00:00+00:00, 0.00770878915328, 0.00758305247954, 0.00888271194634, 0.0221152649268, 0.00372300819062, 0.00815090824406, 0.01207206377, -0.000466562986003, 0.0037482820374, 0.00205930807249
2017-01-26 00:00:00+00:00, -0.00258743854833, -0.00326524111018, 0.000598945855295, 0.00389705285378, -0.00111275964392, -0.00531300531301, -0.0020942408377, -0.00147813910067, -0.00331936434173, -0.00509658857378
2017-01-27 00:00:00+00:00, -0.00260542967032, -0.0130638008869, -0.0104453489764, -0.0030327537404, 0.0, 0.00325127728751, -0.0063415301793, 0.0, -0.00124890720619, 0.0
2017-01-30 00:00:00+00:00, -0.00584643220626, -0.00485751295337, -0.00541390678402, 0.00320421821132, -0.00891199405867, -0.0124074074074, -0.00335169880624, -0.0116478379431, -0.00829477720812, -0.0138808559861
2017-01-31 00:00:00+00:00, 0.00135361095629, 0.00854214123007, 0.00124680695779, -0.00493248160427, 0.0, 0.00412525782861, 0.00612705578846, 0.00666114855544, 0.0, 0.00544616673649
2017-02-01 00:00:00+00:00, -0.00234005816067, -0.00165362587723, 0.00115413819286, -0.00337233869657, 0.0127388535032, 0.00583566760037, 0.00641025641026, -0.00583398590446, 0.00542199058507, 0.0133333333333
2017-02-02 00:00:00+00:00, 0.00200396238016, -0.000161596574153, 0.000303370445651, -0.00391373476293, -0.00665926748058, 0.00116036203295, 0.00090991810737, 0.00823126304596, 0.00167217089587, -0.000822368421053
2017-02-03 00:00:00+00:00, 0.00689757050976, 0.00585882257869, 0.0105844175538, 0.00593459665207, -0.000558659217877, 0.00537783959203, 0.00727272727273, 0.0125, 0.00333875881641, -0.00288065843621
2017-02-06 00:00:00+00:00, -0.00269724294372, -0.00453924640476, -0.00294099993998, -0.00307185287656, -0.00167691447736, -0.00857696209536, -0.0117328519856, -0.00308641975309, -0.00336924420781, -0.00660338423442
2017-02-07 00:00:00+00:00, -0.00100712911622, -0.00633549897099, -0.0031904647243, -0.00312213039486, 0.00149309443822, -0.00418604651163, -0.00182648401826, 0.00116099071207, -0.00454924874791, 0.00373909430827
2017-02-08 00:00:00+00:00, 0.00214089101845, 0.00446718648473, 0.00226462950661, -0.00057315974781, 0.00447260529258, 0.00326950023354, 0.00471180237877, 0.00347893312717, 0.00545050521991, -0.00289735099338
2017-02-09 00:00:00+00:00, 0.00687238611959, 0.010067114094, 0.0126532702678, 0.00804932000655, -0.00456400742115, 0.00279329608939, 0.00464417429313, 0.00539291217257, 0.00458696468037, 0.00327936903279
2017-02-10 00:00:00+00:00, 0.0050293001639, 0.00480326622103, 0.00455181031149, -0.00034540910661, 0.00831252096768, 0.0104921077066, 0.00339904826649, 0.00268199233716, 0.00826034618737, 0.00128263478009
2017-02-13 00:00:00+00:00, 0.00441212608628, 0.000318687009521, 0.00541965290529, 0.0111788617886, 0.00554528650647, 0.0043186621336, 0.00293586269196, 0.00496752006114, 0.00411692054343, 0.00772727272727
2017-02-14 00:00:00+00:00, 0.00280245993706, 0.00900003982319, 0.00586173377714, 0.00623115577889, -0.00110294117647, 0.00182982616651, 0.00405314118442, -0.000380228136882, -0.00020500205002, 0.000533070898429
2017-02-15 00:00:00+00:00, 0.0046466237122, 0.00532817618503, 0.00266487056343, 0.00199760287655, 0.00548398969452, 0.0041095890411, 0.00246692083427, 0.00304298212248, 0.00143530859135, 0.0
2017-02-16 00:00:00+00:00, -0.00230704697987, -0.00584956030151, -0.00201524577236, 0.00279106858054, 0.00464877923789, 0.00136425648022, -0.00134228187919, -0.00303375047402, 0.0004095004095, 0.000409836065574
2017-02-17 00:00:00+00:00, 0.00198046092739, 0.00229040792955, -2.92654375185e-05, 0.00497017892644, -0.000619398090797, -0.0063578564941, -0.00403225806452, -0.00190186382655, -0.00286532951289, -0.00901269971323
2017-02-21 00:00:00+00:00, 0.00693447582871, 0.00732831645719, 0.00743363867833, 0.00371909000989, 0.00911444092019, 0.0050731261426, 0.00179937022042, 0.0137195121951, 0.00533661740558, 0.00706903679206
2017-02-22 00:00:00+00:00, -0.00252220638228, -0.00617984120155, -0.00185922203178, 0.00256218219086, -0.00101159723978, -0.00140966759129, -0.00134710372699, -0.00751879699248, -0.000816659861168, 0.00283239604286
2017-02-23 00:00:00+00:00, -0.0016380826737, -0.003974969499, -0.00666492039931, 0.0022017771487, 0.00828179812665, -0.00227686703097, 0.00134892086331, -0.0132575757576, -0.0028606456886, 0.00204666393778
2017-02-24 00:00:00+00:00, 0.0026318397551, 0.00331910858227, 0.00348666861998, 0.00107885445273, -0.00896700143472, -0.0136923779096, -0.0069151324652, -0.00614203454894, -0.00327868852459, -0.0141339869281
2017-02-27 00:00:00+00:00, 0.00218561230093, 0.0102394454946, 0.00204385529505, 0.00244929950034, -0.00260586319218, 0.0023137436372, -0.00366250678242, 0.0096562379297, 0.00123355263158, -0.000165741277865
2017-02-28 00:00:00+00:00, -0.00458087211915, -0.0182831748012, -0.00579853725342, 0.00633307271306, 0.00235866173162, -0.00461680517082, -0.00181529385069, -0.00573833205815, -0.00451745379877, 0.0
2017-03-01 00:00:00+00:00, 0.01228655415, 0.00500337529286, 0.0160023446659, 0.0325926501437, 0.00930384100206, 0.0171614100186, 0.00972948397363, 0.0227010388611, 0.0127887788779, 0.00741815167841
2017-03-02 00:00:00+00:00, -0.00693877994932, 0.000908767632068, -0.00755783765072, -0.00784394868515, -0.0100430416069, -0.0136798905609, -0.00805979557837, -0.015425131678, -0.0109979633401, -0.00448393599079
2017-03-03 00:00:00+00:00, -0.000109518229309, -0.00414495499763, -0.0021799790722, -0.00214238316428, 0.000724637681159, 0.0137309292649, 0.00190649114843, 0.0015666794039, 0.00370675453048, 0.00206611570248
2017-03-06 00:00:00+00:00, -0.00424977272478, -0.00380544654537, -0.00233039121443, -0.00015199878401, -0.000398262128892, -0.00944041592557, -0.00280898876404, 0.000724886498035, -0.00451374640952, -0.00103092783505
2017-03-07 00:00:00+00:00, -0.00449890552298, -0.00644622179778, -0.00522642996876, -0.00098814229249, -0.000325980658481, -0.00322283609576, 0.00227169468423, -0.00743423560808, -0.00284418796373, -0.00416924664603
2017-03-08 00:00:00+00:00, -0.00230934123003, 0.00756938603869, -0.000352216025829, -0.000951076618732, 0.00434782608696, -0.009792147806, -0.00621033544878, -0.0082581140772, -0.00826753751395, 0.0
2017-03-09 00:00:00+00:00, -0.000996755008694, -0.00417362270451, -0.00463914498796, 0.000974829595217, -0.00468975468975, 0.00135273812856, -0.00241755234229, -0.010844306739, -0.00458505272811, 0.0
2017-03-10 00:00:00+00:00, 0.00397991197632, 0.0055881531154, 0.00324483775811, -0.00112604901357, 0.00942370424067, 0.0113197000047, 0.0128029263832, -0.00426781519186, 0.00544365813827, 0.00646658928868
2017-03-13 00:00:00+00:00, 0.00186612486473, -0.00357242091057, 0.000294031167304, 0.00275690292113, 0.00750448833034, 0.00414555504376, 0.00632054176072, 0.00751051865833, 0.0049977093832, 0.00428336079077
2017-03-14 00:00:00+00:00, -0.00438659333635, -0.000637374019042, -0.00176366843034, -0.00445844012781, -0.00495384725044, -0.0100917431193, -0.00986989681472, -0.00671298103193, -0.0079980108574, -0.00549540682415
2017-03-15 00:00:00+00:00, 0.0106937663977, 0.00279028979153, 0.0108657243816, -0.000953761635892, 0.00436962750716, 0.0171455050973, 0.0058903488899, 0.0, 0.0198429275629, 0.0
2017-03-16 00:00:00+00:00, -0.00239871192456, 0.00540605000596, -0.00436948352705, -0.00343681979608, 0.000641894301405, 0.0123006833713, 0.015045045045, 0.0172888015717, 0.00233482161144, 0.0218556701031
2017-03-17 00:00:00+00:00, -0.000219587176109, 0.000790732613767, 0.000789958746599, -0.00754876039392, 0.00677120456165, 0.003600360036, 0.00603532439869, 0.00347624565469, 0.000817327339599, 0.0
2017-03-20 00:00:00+00:00, -0.00285526026796, -0.00999486429898, -0.00514529614687, -0.003861003861, 0.000353982300885, -0.000313901345292, -0.00604322893692, -0.00535026943803, 0.0019599836668, -0.00242130750605
2017-03-21 00:00:00+00:00, -0.0133039647577, -0.0143655227454, -0.0205113135469, -0.0144186046512, -0.00633404104742, -0.00820885479747, -0.00323969289487, -0.0395108548431, -0.0141413318119, 0.0113268608414
2017-03-22 00:00:00+00:00, 0.002098401643, 0.00121457489879, -0.00138005520221, -0.00157306905773, 0.00245717745095, 0.0010854816825, -0.00445235975067, 0.00282030620467, 0.00570460088463, -0.0192
2017-03-23 00:00:00+00:00, 0.000334150144798, 0.00444803881925, 0.00498708165595, 0.00322987238065, 0.00355239786856, -0.00131020149995, 0.00581395348837, 0.0100441944556, 0.00127419951498, 0.00122349102773
2017-03-24 00:00:00+00:00, -0.000111346175259, 0.00318035426731, -0.00179361473156, -0.00651747153514, 0.00601769911504, 0.00520244288622, -0.000444642063139, 0.0, 0.0, 0.0109979633401
2017-03-27 00:00:00+00:00, -0.00144766146993, -0.00036117019142, -0.00299472927647, -0.00735061650332, -0.00316678395496, 0.000900090009001, 0.00444839857651, -0.0167064439141, 0.000821018062397, 0.0
2017-03-28 00:00:00+00:00, 0.0082524813204, 0.0080289040546, 0.0122551964436, 0.00609124930329, 0.0105894811154, 0.00404676258993, 0.00323294951284, 0.0152912621359, 0.00369155045119, 0.000201450443191
2017-03-29 00:00:00+00:00, 0.0030859418206, 0.00637196336121, 0.00172106824926, -0.011436033398, -0.000698567935732, -0.00313479623824, -0.00176577053812, 0.0137859590406, 0.0036779730282, 0.0
2017-03-30 00:00:00+00:00, 0.00232663277796, 0.00277008310249, 0.00862017892055, 0.00694291890161, -0.0125830129325, -0.00404312668464, 0.00605846194667, 0.00538437352618, 0.000407166123779, 0.00745216515609
2017-03-31 00:00:00+00:00, -0.000935093509351, 0.00197316495659, -0.00138036359364, -0.00375457435701, -0.000141592920354, -0.00586377988272, -0.0021978021978, 0.0, -0.002035002035, 0.0
2017-04-03 00:00:00+00:00, -0.00412927379838, -0.0126033871603, -0.00947003117464, -0.000478831650772, 0.00368193726545, 0.00589836660617, -0.0107929515419, -0.00844376685822, -0.00489396411093, 0.000399840063974
2017-04-04 00:00:00+00:00, -0.000773993808049, -0.00518548065417, -0.00237529691211, 0.000239530520181, -0.00701940035273, 0.00496165990077, 0.00222667557337, -0.00177409816677, 0.00409836065574, -0.00399680255795
2017-04-05 00:00:00+00:00, -0.00298771716278, -0.0028067361668, -0.00595238095238, -0.0065622510477, 0.000319704450996, -0.00359066427289, 0.0019995556543, 0.000394944707741, -0.00244897959184, 0.00317014446228
2017-04-06 00:00:00+00:00, 0.0054384017758, 0.00361881785283, 0.00664670658683, 0.00466265498613, -0.00390625, -0.00045045045045, -0.00359201773836, -0.00513225424398, 0.00122749590835, -0.00324012960518
2017-04-07 00:00:00+00:00, -0.00110387459985, 0.00160256410256, -0.000118969722206, -0.00240492134909, 0.00142602495544, -0.00540784136999, 0.000712092215942, 0.00111111111111, -0.0016346546792, -0.000722369371539
2017-04-10 00:00:00+00:00, 0.00243120786827, 0.0044, 0.00184425010411, 0.00202433207063, -0.000355998576006, -0.00543724512913, -0.00378029797643, -0.00507372760425, 0.0, 0.00722891566265
2017-04-11 00:00:00+00:00, 0.0, 0.00119474313023, 0.00178147268409, -0.00388046565588, 0.00267094017094, -0.000911161731207, 0.00290178571429, -0.00278884462151, 0.00163733115023, -0.00358851674641
2017-04-12 00:00:00+00:00, -0.00595303715136, -0.00397772474145, -0.0121517486663, -0.00240963855422, -0.00831113478956, 0.00227998176015, -0.00155797907857, -0.0103875349581, -0.0053126277074, -0.00600240096038
2017-04-13 00:00:00+00:00, -0.00687590107575, -0.0051517571885, -0.00831083108311, -0.0136876006441, 0.00479925504101, -0.0090991810737, -0.005082478823, -0.0129188534518, -0.00369761709121, -0.00805152979066
2017-04-17 00:00:00+00:00, 0.00826353992183, 0.00706515194091, 0.0108008350225, 0.0069387755102, 0.000926751024773, 0.010101010101, -0.000268865388062, 0.00584867075665, 0.00907216494845, -0.00121753246753
2017-04-18 00:00:00+00:00, -0.00287961014509, -0.0018734802886, -0.00526788386711, -0.00385083096879, 0.0056621915174, -0.00727272727273, -0.00537875392201, 0.00353759199772, -0.0073559460564, -0.00893945550589
2017-04-19 00:00:00+00:00, 0.000166611129623, 0.00555111821086, 0.00198591803575, -0.00606307222787, 0.00177053824363, -0.00549450549451, 0.000450653447499, 0.00486223662885, -0.00247015232606, 0.00574005740057
2017-04-20 00:00:00+00:00, 0.00838469654062, 0.0165217045951, 0.0153153153153, 0.0133054941456, 0.0084835630965, 0.00672191528545, 0.00630630630631, 0.0108870967742, 0.00866694180768, 0.0069302894415
2017-04-21 00:00:00+00:00, -0.00330396475771, -0.0033600312561, -0.00295770482106, -0.00900973698032, 0.000701016473887, -0.0053050397878, -0.00223813786929, -0.00119664938173, -0.00122749590835, 0.0
2017-04-24 00:00:00+00:00, 0.00972375690608, 0.00787957191579, 0.0172055769801, 0.0145547945205, 0.0108581436077, 0.0335632183908, 0.028263795424, 0.0183706070288, 0.0126997132323, 0.0182186234818
2017-04-25 00:00:00+00:00, 0.00536222368133, 0.00350058343057, 0.00554097404491, 0.0100462125779, 0.00796950796951, 0.0124555160142, 0.00174520069808, 0.0117647058824, 0.0088996763754, 0.00994035785288
2017-04-26 00:00:00+00:00, 0.00021769892239, 0.00736434108527, 0.000580046403712, 0.000795703202705, 0.00364386387075, -0.00527240773286, 0.00566202090592, 0.00426356589147, -0.00240577385726, 0.000590551181102
2017-04-27 00:00:00+00:00, -0.000435303079769, 0.000384763370527, -0.00513043478261, -0.0063605645001, -0.00671324839019, 0.00309187279152, -0.00108271979212, 0.0, -0.0040192926045, 0.00539051741098
2017-04-28 00:00:00+00:00, -0.00468154599891, -0.00996153846154, -0.00970194913032, -0.00880176035207, 0.01, 0.00484368119771, 0.00455235204856, -0.015052103435, -0.00298627925747, 0.0
2017-05-01 00:00:00+00:00, -0.000328155764603, -7.76970591663e-05, 0.000588408355399, 0.00209889001009, 0.00221918743598, 0.00350569675723, 0.00388433318947, 0.00771943573668, 0.00744758358294, 0.00634001252348
2017-05-02 00:00:00+00:00, 0.000765948134369, -0.00229224134582, -0.000558659217877, 0.00298062593145, -0.000102197240675, 0.00829694323144, 0.00395528804815, -0.00824357428938, -0.000401767778224, -0.00015555728397
2017-05-03 00:00:00+00:00, -0.00317078504264, -0.000778816199377, 0.0035009267159, 0.00449781133288, -0.00688198419188, -0.00173235166739, -0.0043251113395, -0.0158792393648, -0.00602893890675, -0.000388953714508
2017-05-04 00:00:00+00:00, 0.000767796424262, 0.0, -0.00322486074465, -0.00235877343781, 0.0102915951973, -0.00260303687636, 0.00460195260419, -0.00916334661355, -0.00404367165386, 0.00972762645914
2017-05-05 00:00:00+00:00, 0.00635686102587, 0.00654715510522, 0.00676470588235, 0.00116213833454, 0.00509337860781, 0.0143540669856, 0.0120729514513, 0.00281463610776, 0.00812017864393, 0.00466281310212
2017-05-08 00:00:00+00:00, -0.00217817468961, -0.00185844819576, -0.00292141396436, -0.0106872673418, 0.00506756756757, -0.00857632933105, -0.0077834179357, -0.0023656776263, -0.00543697140556, -0.00157262859115
2017-05-09 00:00:00+00:00, -0.000218292949138, 0.00209464701319, 0.00351596835628, -0.00659491827156, -0.00168067226891, 0.000865051903114, -0.00409276944065, 0.0, -0.000202470135655, -0.00461006530926
2017-05-10 00:00:00+00:00, 0.00349344978166, 0.000619338855772, 0.00391240875912, 0.00130309941759, 0.000673400673401, 0.00648228176318, 0.00813356164384, 0.0108114625618, 0.0048602673147, 0.00463141644153
2017-05-11 00:00:00+00:00, -0.00402523933856, -0.0073500967118, -0.00709632387157, -0.00219625832749, -0.00538358008075, 0.00171747531129, -0.00781316348195, -0.000397614314115, -0.00161225312374, -0.00230503265463
2017-05-12 00:00:00+00:00, -0.00469688694702, 0.0, -0.00828939660223, 0.000774530186295, 0.0010148849797, 0.00342906129447, -0.00325258923222, 0.0, -0.000403714170367, 0.0
2017-05-15 00:00:00+00:00, 0.00636523266023, -0.00935307872175, 0.00776796526568, 0.0012749490835, 0.00506928016222, 0.0111063648014, 0.00579647917561, 0.0135242641209, 0.00726978998384, -0.00346553715826
2017-05-16 00:00:00+00:00, -0.00261723009815, -0.00751376868607, -0.000175849941383, -0.000455630906421, 0.00739744451917, 0.00380228136882, 0.013447171825, 0.0, 0.0028067361668, 0.00622102009274
2017-05-17 00:00:00+00:00, -0.0157445877979, -0.0209679337271, -0.0226886322331, -0.0105453376258, -0.00133511348465, -0.0172558922559, -0.00800336983993, -0.0380690737834, -0.0147940823671, -0.011174686072
2017-05-18 00:00:00+00:00, 0.00233281493002, 0.000161943319838, 0.000719856028794, -0.000452470075275, 0.00544786096257, -0.023982869379, -0.000934182590234, 0.0106079151367, -0.00620941558442, -0.00267961165049
2017-05-19 00:00:00+00:00, 0.00809043555359, 0.000971502590674, 0.00587459537226, 0.00732502057613, 0.00887544460326, 0.0268977621764, 0.0121982318939, 0.012111425111, 0.0135990525585, 0.0151473852264
2017-05-22 00:00:00+00:00, 0.00538698328936, 0.00574247816241, 0.00595947556615, 0.0124193980243, 0.00164744645799, 0.0002991069521, 0.0031492756666, -0.00159553250897, 0.00241740531829, 0.00153433064825
2017-05-23 00:00:00+00:00, 0.000218698742482, -0.00498592681946, 0.0, 0.00117020418045, -0.000657894736842, 0.00299017513883, 0.00104646295521, 0.00659208949261, 0.0008038585209, -0.0017617770969
2017-05-24 00:00:00+00:00, 0.0019678583142, 0.000161642285622, -0.00133293838863, -0.00270041513845, -0.0111586570112, 0.00425894378194, 0.00229981183358, 0.00123040285771, 0.0, 0.0
2017-05-25 00:00:00+00:00, 0.00392798690671, 0.00929292929293, 0.00608037965297, 0.0020206918849, 0.00466029759329, -0.00169635284139, -0.000834376303713, -0.0089193689051, 0.00220883534137, 0.00751995089012
2017-05-26 00:00:00+00:00, 0.0, 0.00188150520416, -0.00294811320755, 0.00241994030814, -0.00599715052516, -0.00212404418012, -0.00371607515658, 0.0019999200032, 0.00140252454418, -0.00913937547601
2017-05-30 00:00:00+00:00, -0.00173894141941, 0.000119870539817, -0.00496747486694, -0.00160939888951, 0.004, -0.000425713069391, 0.00163446628389, -0.00243503253363, -0.00240096038415, 0.00741737125288
2017-05-31 00:00:00+00:00, 0.000870985302123, -0.00119856172593, -0.0027338642577, 0.000785846699444, -0.000996015936255, 0.0, 0.000836820083682, -0.00524209683874, -0.00200561572403, 0.00408194407355
2017-06-01 00:00:00+00:00, 0.0105515065811, 0.0156, 0.0123659117998, 0.00783216220025, 0.00631439016284, 0.00425894378194, 0.00735785953177, 0.0129128283519, 0.00140675241158, 0.00797872340426